[
  {
    "model": "admin.logentry",
    "pk": 1,
    "fields": {
      "action_time": "2022-06-04T20:37:12.487Z",
      "user": 1,
      "content_type": 3,
      "object_id": "1",
      "object_repr": "test group",
      "action_flag": 1,
      "change_message": "[{\"added\": {}}]"
    }
  },
  {
    "model": "admin.logentry",
    "pk": 2,
    "fields": {
      "action_time": "2022-06-04T20:37:21.442Z",
      "user": 1,
      "content_type": 7,
      "object_id": "1",
      "object_repr": "Topic object (1)",
      "action_flag": 1,
      "change_message": "[{\"added\": {}}]"
    }
  },
  {
    "model": "admin.logentry",
    "pk": 3,
    "fields": {
      "action_time": "2022-06-06T18:51:47.594Z",
      "user": 1,
      "content_type": 7,
      "object_id": "1",
      "object_repr": "Name=Web Development Category=Development",
      "action_flag": 2,
      "change_message": "[{\"changed\": {\"fields\": [\"Name\", \"Category\"]}}]"
    }
  },
  {
    "model": "admin.logentry",
    "pk": 4,
    "fields": {
      "action_time": "2022-06-06T18:51:57.573Z",
      "user": 1,
      "content_type": 7,
      "object_id": "2",
      "object_repr": "Name=Management Category=Business",
      "action_flag": 1,
      "change_message": "[{\"added\": {}}]"
    }
  },
  {
    "model": "admin.logentry",
    "pk": 5,
    "fields": {
      "action_time": "2022-06-06T18:53:32.280Z",
      "user": 1,
      "content_type": 8,
      "object_id": "2",
      "object_repr": "Name=John Smith City=Windsor School=123 University Avenue",
      "action_flag": 1,
      "change_message": "[{\"added\": {}}]"
    }
  },
  {
    "model": "admin.logentry",
    "pk": 6,
    "fields": {
      "action_time": "2022-06-06T18:55:09.386Z",
      "user": 1,
      "content_type": 8,
      "object_id": "3",
      "object_repr": "Name=Mary Jones City=Vancouver School=235 Sunset Avenue",
      "action_flag": 1,
      "change_message": "[{\"added\": {}}]"
    }
  },
  {
    "model": "admin.logentry",
    "pk": 7,
    "fields": {
      "action_time": "2022-06-06T18:55:48.778Z",
      "user": 1,
      "content_type": 9,
      "object_id": "1",
      "object_repr": "Topic=Web Development Name=Web Development Bootcamp Price=199.99 For everyone=True",
      "action_flag": 1,
      "change_message": "[{\"added\": {}}]"
    }
  },
  {
    "model": "admin.logentry",
    "pk": 8,
    "fields": {
      "action_time": "2022-06-06T18:55:59.905Z",
      "user": 1,
      "content_type": 9,
      "object_id": "2",
      "object_repr": "Topic=Web Development Name=Web Design Price=159.99 For everyone=True",
      "action_flag": 1,
      "change_message": "[{\"added\": {}}]"
    }
  },
  {
    "model": "admin.logentry",
    "pk": 9,
    "fields": {
      "action_time": "2022-06-06T18:56:16.782Z",
      "user": 1,
      "content_type": 9,
      "object_id": "3",
      "object_repr": "Topic=Web Development Name=Web Development Mastercalss Price=124.99 For everyone=True",
      "action_flag": 1,
      "change_message": "[{\"added\": {}}]"
    }
  },
  {
    "model": "admin.logentry",
    "pk": 10,
    "fields": {
      "action_time": "2022-06-06T18:56:31.717Z",
      "user": 1,
      "content_type": 9,
      "object_id": "4",
      "object_repr": "Topic=Web Development Name=Build Responsive Websites Price=149.99 For everyone=True",
      "action_flag": 1,
      "change_message": "[{\"added\": {}}]"
    }
  },
  {
    "model": "admin.logentry",
    "pk": 11,
    "fields": {
      "action_time": "2022-06-06T18:57:11.479Z",
      "user": 1,
      "content_type": 9,
      "object_id": "5",
      "object_repr": "Topic=Management Name=Innovation for Business Price=174.99 For everyone=True",
      "action_flag": 1,
      "change_message": "[{\"added\": {}}]"
    }
  },
  {
    "model": "admin.logentry",
    "pk": 12,
    "fields": {
      "action_time": "2022-06-06T18:57:29.674Z",
      "user": 1,
      "content_type": 9,
      "object_id": "6",
      "object_repr": "Topic=Management Name=Leadership Skills Price=184.99 For everyone=True",
      "action_flag": 1,
      "change_message": "[{\"added\": {}}]"
    }
  },
  {
    "model": "admin.logentry",
    "pk": 13,
    "fields": {
      "action_time": "2022-06-06T18:58:05.488Z",
      "user": 1,
      "content_type": 9,
      "object_id": "7",
      "object_repr": "Topic=Management Name=Project Management Price=149.99 For everyone=True",
      "action_flag": 1,
      "change_message": "[{\"added\": {}}]"
    }
  },
  {
    "model": "admin.logentry",
    "pk": 14,
    "fields": {
      "action_time": "2022-06-06T18:58:41.369Z",
      "user": 1,
      "content_type": 10,
      "object_id": "1",
      "object_repr": "course=Web Development Bootcamp Student=mary_jones",
      "action_flag": 1,
      "change_message": "[{\"added\": {}}]"
    }
  },
  {
    "model": "admin.logentry",
    "pk": 15,
    "fields": {
      "action_time": "2022-06-06T18:59:05.558Z",
      "user": 1,
      "content_type": 10,
      "object_id": "2",
      "object_repr": "course=Innovation for Business Student=john_smith",
      "action_flag": 1,
      "change_message": "[{\"added\": {}}]"
    }
  },
  {
    "model": "admin.logentry",
    "pk": 16,
    "fields": {
      "action_time": "2022-06-06T20:17:01.818Z",
      "user": 1,
      "content_type": 7,
      "object_id": "3",
      "object_repr": "Name=Economics Category=Finance & Accounting",
      "action_flag": 1,
      "change_message": "[{\"added\": {}}]"
    }
  },
  {
    "model": "admin.logentry",
    "pk": 17,
    "fields": {
      "action_time": "2022-06-06T20:17:28.945Z",
      "user": 1,
      "content_type": 8,
      "object_id": "4",
      "object_repr": "Name=Alan George City=Calgery School=306 Prince Street",
      "action_flag": 1,
      "change_message": "[{\"added\": {}}]"
    }
  },
  {
    "model": "admin.logentry",
    "pk": 18,
    "fields": {
      "action_time": "2022-07-17T15:33:04.314Z",
      "user": 1,
      "content_type": 4,
      "object_id": "3",
      "object_repr": "mary_jones",
      "action_flag": 2,
      "change_message": "[{\"changed\": {\"fields\": [\"password\"]}}]"
    }
  },
  {
    "model": "admin.logentry",
    "pk": 19,
    "fields": {
      "action_time": "2022-07-17T16:03:16.303Z",
      "user": 1,
      "content_type": 8,
      "object_id": "3",
      "object_repr": "Mary Jones",
      "action_flag": 2,
      "change_message": "[{\"changed\": {\"fields\": [\"Interested in\"]}}]"
    }
  },
  {
    "model": "admin.logentry",
    "pk": 20,
    "fields": {
      "action_time": "2022-08-09T14:53:48.851Z",
      "user": 5,
      "content_type": 4,
      "object_id": "6",
      "object_repr": "test",
      "action_flag": 1,
      "change_message": "[{\"added\": {}}]"
    }
  },
  {
    "model": "admin.logentry",
    "pk": 21,
    "fields": {
      "action_time": "2022-08-09T15:11:40.518Z",
      "user": 5,
      "content_type": 8,
      "object_id": "7",
      "object_repr": "Student Test",
      "action_flag": 1,
      "change_message": "[{\"added\": {}}]"
    }
  },
  {
    "model": "admin.logentry",
    "pk": 22,
    "fields": {
      "action_time": "2022-08-09T15:12:37.016Z",
      "user": 5,
      "content_type": 8,
      "object_id": "7",
      "object_repr": "Student Test",
      "action_flag": 2,
      "change_message": "[]"
    }
  },
  {
    "model": "admin.logentry",
    "pk": 23,
    "fields": {
      "action_time": "2022-08-09T15:17:55.069Z",
      "user": 5,
      "content_type": 8,
      "object_id": "4",
      "object_repr": "Alan George",
      "action_flag": 2,
      "change_message": "[{\"changed\": {\"fields\": [\"Password\"]}}]"
    }
  },
  {
    "model": "admin.logentry",
    "pk": 24,
    "fields": {
      "action_time": "2022-08-09T15:19:49.249Z",
      "user": 5,
      "content_type": 8,
      "object_id": "4",
      "object_repr": "Alan George",
      "action_flag": 2,
      "change_message": "[]"
    }
  },
  {
    "model": "admin.logentry",
    "pk": 25,
    "fields": {
      "action_time": "2022-08-09T15:29:55.068Z",
      "user": 5,
      "content_type": 8,
      "object_id": "8",
      "object_repr": "Test Test",
      "action_flag": 1,
      "change_message": "[{\"added\": {}}]"
    }
  },
  {
    "model": "admin.logentry",
    "pk": 26,
    "fields": {
      "action_time": "2022-08-09T15:34:48.883Z",
      "user": 5,
      "content_type": 4,
      "object_id": "7",
      "object_repr": "student_test",
      "action_flag": 2,
      "change_message": "[{\"changed\": {\"fields\": [\"password\"]}}]"
    }
  },
  {
    "model": "admin.logentry",
    "pk": 27,
    "fields": {
      "action_time": "2022-08-09T15:40:42.986Z",
      "user": 5,
      "content_type": 10,
      "object_id": "10",
      "object_repr": "course=Web Development Bootcamp Student=student_test",
      "action_flag": 1,
      "change_message": "[{\"added\": {}}]"
    }
  },
  {
    "model": "admin.logentry",
    "pk": 28,
    "fields": {
      "action_time": "2022-08-09T15:40:50.455Z",
      "user": 5,
      "content_type": 10,
      "object_id": "11",
      "object_repr": "course=Build Responsive Websites Student=student_test",
      "action_flag": 1,
      "change_message": "[{\"added\": {}}]"
    }
  },
  {
    "model": "admin.logentry",
    "pk": 29,
    "fields": {
      "action_time": "2022-08-09T17:25:22.541Z",
      "user": 5,
      "content_type": 4,
      "object_id": "7",
      "object_repr": "student_test",
      "action_flag": 2,
      "change_message": "[{\"changed\": {\"fields\": [\"First name\"]}}]"
    }
  },
  {
    "model": "admin.logentry",
    "pk": 30,
    "fields": {
      "action_time": "2022-08-09T17:25:36.148Z",
      "user": 5,
      "content_type": 8,
      "object_id": "7",
      "object_repr": "Student 1 Test",
      "action_flag": 2,
      "change_message": "[]"
    }
  },
  {
    "model": "auth.permission",
    "pk": 1,
    "fields": {
      "name": "Can add log entry",
      "content_type": 1,
      "codename": "add_logentry"
    }
  },
  {
    "model": "auth.permission",
    "pk": 2,
    "fields": {
      "name": "Can change log entry",
      "content_type": 1,
      "codename": "change_logentry"
    }
  },
  {
    "model": "auth.permission",
    "pk": 3,
    "fields": {
      "name": "Can delete log entry",
      "content_type": 1,
      "codename": "delete_logentry"
    }
  },
  {
    "model": "auth.permission",
    "pk": 4,
    "fields": {
      "name": "Can view log entry",
      "content_type": 1,
      "codename": "view_logentry"
    }
  },
  {
    "model": "auth.permission",
    "pk": 5,
    "fields": {
      "name": "Can add permission",
      "content_type": 2,
      "codename": "add_permission"
    }
  },
  {
    "model": "auth.permission",
    "pk": 6,
    "fields": {
      "name": "Can change permission",
      "content_type": 2,
      "codename": "change_permission"
    }
  },
  {
    "model": "auth.permission",
    "pk": 7,
    "fields": {
      "name": "Can delete permission",
      "content_type": 2,
      "codename": "delete_permission"
    }
  },
  {
    "model": "auth.permission",
    "pk": 8,
    "fields": {
      "name": "Can view permission",
      "content_type": 2,
      "codename": "view_permission"
    }
  },
  {
    "model": "auth.permission",
    "pk": 9,
    "fields": {
      "name": "Can add group",
      "content_type": 3,
      "codename": "add_group"
    }
  },
  {
    "model": "auth.permission",
    "pk": 10,
    "fields": {
      "name": "Can change group",
      "content_type": 3,
      "codename": "change_group"
    }
  },
  {
    "model": "auth.permission",
    "pk": 11,
    "fields": {
      "name": "Can delete group",
      "content_type": 3,
      "codename": "delete_group"
    }
  },
  {
    "model": "auth.permission",
    "pk": 12,
    "fields": {
      "name": "Can view group",
      "content_type": 3,
      "codename": "view_group"
    }
  },
  {
    "model": "auth.permission",
    "pk": 13,
    "fields": {
      "name": "Can add user",
      "content_type": 4,
      "codename": "add_user"
    }
  },
  {
    "model": "auth.permission",
    "pk": 14,
    "fields": {
      "name": "Can change user",
      "content_type": 4,
      "codename": "change_user"
    }
  },
  {
    "model": "auth.permission",
    "pk": 15,
    "fields": {
      "name": "Can delete user",
      "content_type": 4,
      "codename": "delete_user"
    }
  },
  {
    "model": "auth.permission",
    "pk": 16,
    "fields": {
      "name": "Can view user",
      "content_type": 4,
      "codename": "view_user"
    }
  },
  {
    "model": "auth.permission",
    "pk": 17,
    "fields": {
      "name": "Can add content type",
      "content_type": 5,
      "codename": "add_contenttype"
    }
  },
  {
    "model": "auth.permission",
    "pk": 18,
    "fields": {
      "name": "Can change content type",
      "content_type": 5,
      "codename": "change_contenttype"
    }
  },
  {
    "model": "auth.permission",
    "pk": 19,
    "fields": {
      "name": "Can delete content type",
      "content_type": 5,
      "codename": "delete_contenttype"
    }
  },
  {
    "model": "auth.permission",
    "pk": 20,
    "fields": {
      "name": "Can view content type",
      "content_type": 5,
      "codename": "view_contenttype"
    }
  },
  {
    "model": "auth.permission",
    "pk": 21,
    "fields": {
      "name": "Can add session",
      "content_type": 6,
      "codename": "add_session"
    }
  },
  {
    "model": "auth.permission",
    "pk": 22,
    "fields": {
      "name": "Can change session",
      "content_type": 6,
      "codename": "change_session"
    }
  },
  {
    "model": "auth.permission",
    "pk": 23,
    "fields": {
      "name": "Can delete session",
      "content_type": 6,
      "codename": "delete_session"
    }
  },
  {
    "model": "auth.permission",
    "pk": 24,
    "fields": {
      "name": "Can view session",
      "content_type": 6,
      "codename": "view_session"
    }
  },
  {
    "model": "auth.permission",
    "pk": 25,
    "fields": {
      "name": "Can add topic",
      "content_type": 7,
      "codename": "add_topic"
    }
  },
  {
    "model": "auth.permission",
    "pk": 26,
    "fields": {
      "name": "Can change topic",
      "content_type": 7,
      "codename": "change_topic"
    }
  },
  {
    "model": "auth.permission",
    "pk": 27,
    "fields": {
      "name": "Can delete topic",
      "content_type": 7,
      "codename": "delete_topic"
    }
  },
  {
    "model": "auth.permission",
    "pk": 28,
    "fields": {
      "name": "Can view topic",
      "content_type": 7,
      "codename": "view_topic"
    }
  },
  {
    "model": "auth.permission",
    "pk": 29,
    "fields": {
      "name": "Can add user",
      "content_type": 8,
      "codename": "add_student"
    }
  },
  {
    "model": "auth.permission",
    "pk": 30,
    "fields": {
      "name": "Can change user",
      "content_type": 8,
      "codename": "change_student"
    }
  },
  {
    "model": "auth.permission",
    "pk": 31,
    "fields": {
      "name": "Can delete user",
      "content_type": 8,
      "codename": "delete_student"
    }
  },
  {
    "model": "auth.permission",
    "pk": 32,
    "fields": {
      "name": "Can view user",
      "content_type": 8,
      "codename": "view_student"
    }
  },
  {
    "model": "auth.permission",
    "pk": 33,
    "fields": {
      "name": "Can add course",
      "content_type": 9,
      "codename": "add_course"
    }
  },
  {
    "model": "auth.permission",
    "pk": 34,
    "fields": {
      "name": "Can change course",
      "content_type": 9,
      "codename": "change_course"
    }
  },
  {
    "model": "auth.permission",
    "pk": 35,
    "fields": {
      "name": "Can delete course",
      "content_type": 9,
      "codename": "delete_course"
    }
  },
  {
    "model": "auth.permission",
    "pk": 36,
    "fields": {
      "name": "Can view course",
      "content_type": 9,
      "codename": "view_course"
    }
  },
  {
    "model": "auth.permission",
    "pk": 37,
    "fields": {
      "name": "Can add order",
      "content_type": 10,
      "codename": "add_order"
    }
  },
  {
    "model": "auth.permission",
    "pk": 38,
    "fields": {
      "name": "Can change order",
      "content_type": 10,
      "codename": "change_order"
    }
  },
  {
    "model": "auth.permission",
    "pk": 39,
    "fields": {
      "name": "Can delete order",
      "content_type": 10,
      "codename": "delete_order"
    }
  },
  {
    "model": "auth.permission",
    "pk": 40,
    "fields": {
      "name": "Can view order",
      "content_type": 10,
      "codename": "view_order"
    }
  },
  {
    "model": "auth.permission",
    "pk": 41,
    "fields": {
      "name": "Can add tag",
      "content_type": 11,
      "codename": "add_tag"
    }
  },
  {
    "model": "auth.permission",
    "pk": 42,
    "fields": {
      "name": "Can change tag",
      "content_type": 11,
      "codename": "change_tag"
    }
  },
  {
    "model": "auth.permission",
    "pk": 43,
    "fields": {
      "name": "Can delete tag",
      "content_type": 11,
      "codename": "delete_tag"
    }
  },
  {
    "model": "auth.permission",
    "pk": 44,
    "fields": {
      "name": "Can view tag",
      "content_type": 11,
      "codename": "view_tag"
    }
  },
  {
    "model": "auth.permission",
    "pk": 45,
    "fields": {
      "name": "Can add interest",
      "content_type": 12,
      "codename": "add_interest"
    }
  },
  {
    "model": "auth.permission",
    "pk": 46,
    "fields": {
      "name": "Can change interest",
      "content_type": 12,
      "codename": "change_interest"
    }
  },
  {
    "model": "auth.permission",
    "pk": 47,
    "fields": {
      "name": "Can delete interest",
      "content_type": 12,
      "codename": "delete_interest"
    }
  },
  {
    "model": "auth.permission",
    "pk": 48,
    "fields": {
      "name": "Can view interest",
      "content_type": 12,
      "codename": "view_interest"
    }
  },
  {
    "model": "auth.group",
    "pk": 1,
    "fields": { "name": "test group", "permissions": [] }
  },
  {
    "model": "auth.user",
    "pk": 1,
    "fields": {
      "password": "pbkdf2_sha256$320000$d98yvnRChQiXqXFsRwH53P$wGjS/dX/ydWpeNR3+4KW9WgqKuCLUnpL6LaABv22omU=",
      "last_login": "2022-07-18T20:19:55.160Z",
      "is_superuser": true,
      "username": "admin",
      "first_name": "",
      "last_name": "",
      "email": "admin@example.com",
      "is_staff": true,
      "is_active": true,
      "date_joined": "2022-05-30T19:35:09.005Z",
      "groups": [],
      "user_permissions": []
    }
  },
  {
    "model": "auth.user",
    "pk": 2,
    "fields": {
      "password": "test1234",
      "last_login": null,
      "is_superuser": false,
      "username": "john_smith",
      "first_name": "John",
      "last_name": "Smith",
      "email": "",
      "is_staff": false,
      "is_active": true,
      "date_joined": "2022-06-06T18:52:18Z",
      "groups": [],
      "user_permissions": []
    }
  },
  {
    "model": "auth.user",
    "pk": 3,
    "fields": {
      "password": "pbkdf2_sha256$320000$u3sprMg0KTUTK7KazDHnQo$5PHWQnJRRiOmOqQ+jbESN6DP+xxFyhl9gYyt1RCNJ7E=",
      "last_login": "2022-07-17T19:27:25.230Z",
      "is_superuser": false,
      "username": "mary_jones",
      "first_name": "Mary",
      "last_name": "Jones",
      "email": "",
      "is_staff": false,
      "is_active": true,
      "date_joined": "2022-06-06T18:53:49Z",
      "groups": [],
      "user_permissions": []
    }
  },
  {
    "model": "auth.user",
    "pk": 4,
    "fields": {
      "password": "Testtest1@",
      "last_login": null,
      "is_superuser": false,
      "username": "alan_george",
      "first_name": "Alan",
      "last_name": "George",
      "email": "",
      "is_staff": false,
      "is_active": true,
      "date_joined": "2022-06-06T20:16:01Z",
      "groups": [],
      "user_permissions": []
    }
  },
  {
    "model": "auth.user",
    "pk": 5,
    "fields": {
      "password": "pbkdf2_sha256$320000$qZg8fnyz9zbpKGk7jFJXOC$i5O/AgiDQq0m7ggJVeyL0XUQlJL86YQclj3vMlZoCh0=",
      "last_login": "2022-08-09T17:32:26.647Z",
      "is_superuser": true,
      "username": "rahul",
      "first_name": "",
      "last_name": "",
      "email": "rahul@rahul.com",
      "is_staff": true,
      "is_active": true,
      "date_joined": "2022-08-09T14:52:54.511Z",
      "groups": [],
      "user_permissions": []
    }
  },
  {
    "model": "auth.user",
    "pk": 6,
    "fields": {
      "password": "pbkdf2_sha256$320000$NEFjC3RPidpywZ09MYK9fD$vq0oBJIWG9I7ZTxKVSCwxhoDJi03G/CdKe8RVTYK3os=",
      "last_login": "2022-08-09T15:32:54.891Z",
      "is_superuser": false,
      "username": "test",
      "first_name": "",
      "last_name": "",
      "email": "",
      "is_staff": false,
      "is_active": true,
      "date_joined": "2022-08-09T14:53:48.769Z",
      "groups": [],
      "user_permissions": []
    }
  },
  {
    "model": "auth.user",
    "pk": 7,
    "fields": {
      "password": "pbkdf2_sha256$320000$B0tHlG3wDoXGFibqe0Lyb9$3/5dRf2JpS08yiS8qvIhWO+8AFRAlHTrNGG5RkoYPM8=",
      "last_login": "2022-08-09T17:25:54.412Z",
      "is_superuser": false,
      "username": "student_test",
      "first_name": "Student 1",
      "last_name": "Test",
      "email": "studenttest@test.com",
      "is_staff": false,
      "is_active": true,
      "date_joined": "2022-08-09T15:10:56Z",
      "groups": [],
      "user_permissions": []
    }
  },
  {
    "model": "auth.user",
    "pk": 8,
    "fields": {
      "password": "testtest",
      "last_login": null,
      "is_superuser": false,
      "username": "test_test",
      "first_name": "Test",
      "last_name": "Test",
      "email": "test@qjkwekjqw.com",
      "is_staff": false,
      "is_active": true,
      "date_joined": "2022-08-09T15:29:28Z",
      "groups": [],
      "user_permissions": []
    }
  },
  {
    "model": "contenttypes.contenttype",
    "pk": 1,
    "fields": { "app_label": "admin", "model": "logentry" }
  },
  {
    "model": "contenttypes.contenttype",
    "pk": 2,
    "fields": { "app_label": "auth", "model": "permission" }
  },
  {
    "model": "contenttypes.contenttype",
    "pk": 3,
    "fields": { "app_label": "auth", "model": "group" }
  },
  {
    "model": "contenttypes.contenttype",
    "pk": 4,
    "fields": { "app_label": "auth", "model": "user" }
  },
  {
    "model": "contenttypes.contenttype",
    "pk": 5,
    "fields": { "app_label": "contenttypes", "model": "contenttype" }
  },
  {
    "model": "contenttypes.contenttype",
    "pk": 6,
    "fields": { "app_label": "sessions", "model": "session" }
  },
  {
    "model": "contenttypes.contenttype",
    "pk": 7,
    "fields": { "app_label": "newdjangoProject", "model": "topic" }
  },
  {
    "model": "contenttypes.contenttype",
    "pk": 8,
    "fields": { "app_label": "newdjangoProject", "model": "student" }
  },
  {
    "model": "contenttypes.contenttype",
    "pk": 9,
    "fields": { "app_label": "newdjangoProject", "model": "course" }
  },
  {
    "model": "contenttypes.contenttype",
    "pk": 10,
    "fields": { "app_label": "newdjangoProject", "model": "order" }
  },
  {
    "model": "contenttypes.contenttype",
    "pk": 11,
    "fields": { "app_label": "newdjangoProject", "model": "tag" }
  },
  {
    "model": "contenttypes.contenttype",
    "pk": 12,
    "fields": { "app_label": "newdjangoProject", "model": "interest" }
  },
  {
    "model": "sessions.session",
    "pk": "0e8298nllasqyxzqd5x2qf67kq1nis58",
    "fields": {
      "session_data": "e30:1oD5qY:b3zjUvbX-sCko-ECjSheUsHXyjnSwqwpINgoUwDZebE",
      "expire_date": "2022-07-31T15:06:14.856Z"
    }
  },
  {
    "model": "sessions.session",
    "pk": "bmh4fvnd9gynz1yz0bqlewzqunfeozj5",
    "fields": {
      "session_data": ".eJxVjDsOwjAQBe_iGln-xg4lPWew1rtrHECOFCcV4u4QKQW0b2beSyTY1pq2zkuaSJyFFqffLQM-uO2A7tBus8S5rcuU5a7Ig3Z5nYmfl8P9O6jQ67d2OQcKo8shIhWNHp2haOzIKrD1PESVi9WD11oxkLWGFRXEEBREIBTvD-wiOFk:1oD9pu:ss5E0KKaRTPP7X4PWpKJ0YKfbw0TvQxUCwK30-1W_lY",
      "expire_date": "2022-07-31T19:21:50.107Z"
    }
  },
  {
    "model": "sessions.session",
    "pk": "c2zh6f0ywflti1cg5sw8g15e51czc2qc",
    "fields": {
      "session_data": ".eJxVjDsOwjAQBe_iGln-xg4lPWew1rtrHECOFCcV4u4QKQW0b2beSyTY1pq2zkuaSJyFFqffLQM-uO2A7tBus8S5rcuU5a7Ig3Z5nYmfl8P9O6jQ67d2OQcKo8shIhWNHp2haOzIKrD1PESVi9WD11oxkLWGFRXEEBREIBTvD-wiOFk:1o0mBh:OhrDcXf_OyYB0eE7dABhgBeR8lOZUO4c19pRhdumYvw",
      "expire_date": "2022-06-27T15:41:09.086Z"
    }
  },
  {
    "model": "sessions.session",
    "pk": "e7420bzr4k5fu0oxf1yqsolq71h92mvh",
    "fields": {
      "session_data": ".eJxVjMEOgyAQBX-l4VwJu4iAx977DQRYrLYGEtFT03-vJl68vpl5Xzb7urq5vKbMeoYCsRG6AX0D26PsFXIJFhDZnTm_raPbalrcRLsM1y34-En5APT2-VV4LHldpsAPhZ-08mehND9O93Iw-jrudRuCJm3boE2kAaKKLZJBaZPQSarUGREGCZ0CEMmTlJgEDTFqLbzxFNnvD8IlQow:1oD9rs:NjleltnR9gM6p_dD5FT7lyhPKYl8ZBe85nrLMxapOm8",
      "expire_date": "2022-07-31T19:23:52.325Z"
    }
  },
  {
    "model": "sessions.session",
    "pk": "ebmucrv4qtxmrmeu9uhpuiwpxo5vz2zj",
    "fields": {
      "session_data": ".eJxVjDsOwjAQBe_iGln-xg4lPWew1rtrHECOFCcV4u4QKQW0b2beSyTY1pq2zkuaSJyFFqffLQM-uO2A7tBus8S5rcuU5a7Ig3Z5nYmfl8P9O6jQ67d2OQcKo8shIhWNHp2haOzIKrD1PESVi9WD11oxkLWGFRXEEBREIBTvD-wiOFk:1nvlAx:TNJA_jd61tIk5yYYKkOyDWZnHpYrDxxZkNwUgB4ToQg",
      "expire_date": "2022-06-13T19:35:39.946Z"
    }
  },
  {
    "model": "sessions.session",
    "pk": "idffdqwwezjakcm3w6tm59c948tyjebq",
    "fields": {
      "session_data": ".eJxVjDsOwjAQBe_iGlmOf9iU9DlDtN5d4wCypTipEHeHSCmgfTPzXmKCbS3T1nmZZhIXYcTpd0uAD647oDvUW5PY6rrMSe6KPGiXYyN-Xg_376BAL98aVPTKBsOIiTL5pHJCOJugnYVMTmFgG10wOrghDjb7IYICZxSyZkLx_gD1QTgr:1oD9Od:ldGvRIs-7JO-HUhir6tqfkb1EMAE3hQIjpvG-fJMr8g",
      "expire_date": "2022-07-31T18:53:39.845Z"
    }
  },
  {
    "model": "sessions.session",
    "pk": "mxanrroefge3j95dfkivpqbiaiodzv2a",
    "fields": {
      "session_data": ".eJxVjDsOgzAQBa8SuQ6Wd_2FMn3OYNleE0gQljBUUe4ekGho38y8L5tCXf1UXuPMOoYCsRG2AXuDtkPsALjSxjjD7syHbR38VvPiR9pluG4xpE-eD0DvML8KT2VelzHyQ-EnrfxZKE-P070cDKEOe61itGRbFa1L1EPSSSE5lG0WNkudjROxl2A0gMiBpMQsqE_JWhFcoMR-f8l_Qpc:1oD9qF:GC33brqxm0_ngx-6UuQl4bTU1rmDt-Qk-yPsvqkN6GI",
      "expire_date": "2022-07-31T19:22:11.462Z"
    }
  },
  {
    "model": "sessions.session",
    "pk": "t1fgkal0nohsynmmifi4sl54o1xqyd6o",
    "fields": {
      "session_data": ".eJxVjDsOwjAQBe_iGln-xg4lPWew1rtrHECOFCcV4u4QKQW0b2beSyTY1pq2zkuaSJyFFqffLQM-uO2A7tBus8S5rcuU5a7Ig3Z5nYmfl8P9O6jQ67d2OQcKo8shIhWNHp2haOzIKrD1PESVi9WD11oxkLWGFRXEEBREIBTvD-wiOFk:1oD9Wg:aevwO0SqJKULuQZutjYUIwwnBKdzwuc0zABaeCxT_u4",
      "expire_date": "2022-07-31T19:01:58.305Z"
    }
  },
  {
    "model": "newdjangoProject.topic",
    "pk": 1,
    "fields": { "name": "Web Development", "category": "Development" }
  },
  {
    "model": "newdjangoProject.topic",
    "pk": 2,
    "fields": { "name": "Management", "category": "Business" }
  },
  {
    "model": "newdjangoProject.topic",
    "pk": 3,
    "fields": { "name": "Economics", "category": "Finance & Accounting" }
  },
  {
    "model": "newdjangoProject.course",
    "pk": 1,
    "fields": {
      "topic": 1,
      "name": "Web Development Bootcamp",
      "price": "199.99",
      "for_everyone": true,
      "description": "",
      "interested": 1,
      "stages": 3
    }
  },
  {
    "model": "newdjangoProject.course",
    "pk": 2,
    "fields": {
      "topic": 1,
      "name": "Web Design",
      "price": "159.99",
      "for_everyone": true,
      "description": "",
      "interested": 2,
      "stages": 3
    }
  },
  {
    "model": "newdjangoProject.course",
    "pk": 3,
    "fields": {
      "topic": 1,
      "name": "Web Development Mastercalss",
      "price": "124.99",
      "for_everyone": true,
      "description": "",
      "interested": 1,
      "stages": 3
    }
  },
  {
    "model": "newdjangoProject.course",
    "pk": 4,
    "fields": {
      "topic": 1,
      "name": "Build Responsive Websites",
      "price": "149.99",
      "for_everyone": true,
      "description": "",
      "interested": 1,
      "stages": 3
    }
  },
  {
    "model": "newdjangoProject.course",
    "pk": 5,
    "fields": {
      "topic": 2,
      "name": "Innovation for Business",
      "price": "141.74",
      "for_everyone": true,
      "description": "",
      "interested": 1,
      "stages": 3
    }
  },
  {
    "model": "newdjangoProject.course",
    "pk": 6,
    "fields": {
      "topic": 2,
      "name": "Leadership Skills",
      "price": "184.99",
      "for_everyone": true,
      "description": "",
      "interested": 0,
      "stages": 3
    }
  },
  {
    "model": "newdjangoProject.course",
    "pk": 7,
    "fields": {
      "topic": 2,
      "name": "Project Management",
      "price": "149.99",
      "for_everyone": true,
      "description": "",
      "interested": 2,
      "stages": 3
    }
  },
  {
    "model": "newdjangoProject.student",
    "pk": 2,
    "fields": {
      "school": "123 University Avenue",
      "city": "WS",
      "interested_in": [1, 2]
    }
  },
  {
    "model": "newdjangoProject.student",
    "pk": 3,
    "fields": {
      "school": "235 Sunset Avenue",
      "city": "VC",
      "interested_in": [1, 2]
    }
  },
  {
    "model": "newdjangoProject.student",
    "pk": 4,
    "fields": {
      "school": "306 Prince Street",
      "city": "CG",
      "interested_in": [3]
    }
  },
  {
    "model": "newdjangoProject.student",
    "pk": 7,
    "fields": { "school": "Sunset Avenue", "city": "WS", "interested_in": [1] }
  },
  {
    "model": "newdjangoProject.student",
    "pk": 8,
    "fields": { "school": "Sunset Avenue", "city": "WS", "interested_in": [2] }
  },
  {
    "model": "newdjangoProject.order",
    "pk": 1,
    "fields": {
      "course": 1,
      "student": 3,
      "levels": 1,
      "order_status": 1,
      "order_date": "2022-06-06"
    }
  },
  {
    "model": "newdjangoProject.order",
    "pk": 2,
    "fields": {
      "course": 5,
      "student": 2,
      "levels": 1,
      "order_status": 1,
      "order_date": "2022-06-06"
    }
  },
  {
    "model": "newdjangoProject.order",
    "pk": 3,
    "fields": {
      "course": 2,
      "student": 3,
      "levels": 2,
      "order_status": 1,
      "order_date": "2022-07-10"
    }
  },
  {
    "model": "newdjangoProject.order",
    "pk": 4,
    "fields": {
      "course": 7,
      "student": 2,
      "levels": 2,
      "order_status": 1,
      "order_date": "2022-07-10"
    }
  },
  {
    "model": "newdjangoProject.order",
    "pk": 5,
    "fields": {
      "course": 5,
      "student": 4,
      "levels": 2,
      "order_status": 1,
      "order_date": "2022-07-13"
    }
  },
  {
    "model": "newdjangoProject.order",
    "pk": 6,
    "fields": {
      "course": 5,
      "student": 4,
      "levels": 2,
      "order_status": 1,
      "order_date": "2022-07-13"
    }
  },
  {
    "model": "newdjangoProject.order",
    "pk": 7,
    "fields": {
      "course": 5,
      "student": 2,
      "levels": 3,
      "order_status": 1,
      "order_date": "2022-10-10"
    }
  },
  {
    "model": "newdjangoProject.order",
    "pk": 8,
    "fields": {
      "course": 4,
      "student": 3,
      "levels": 2,
      "order_status": 1,
      "order_date": "2022-07-10"
    }
  },
  {
    "model": "newdjangoProject.order",
    "pk": 9,
    "fields": {
      "course": 4,
      "student": 2,
      "levels": 3,
      "order_status": 1,
      "order_date": "2022-07-13"
    }
  },
  {
    "model": "newdjangoProject.order",
    "pk": 10,
    "fields": {
      "course": 1,
      "student": 7,
      "levels": 5,
      "order_status": 1,
      "order_date": "2022-08-09"
    }
  },
  {
    "model": "newdjangoProject.order",
    "pk": 11,
    "fields": {
      "course": 4,
      "student": 7,
      "levels": 5,
      "order_status": 1,
      "order_date": "2022-08-09"
    }
  },
  {
    "model": "newdjangoProject.interest",
    "pk": 1,
    "fields": { "interested": "1", "levels": 1, "comments": "asdasdad" }
  },
  {
    "model": "newdjangoProject.interest",
    "pk": 2,
    "fields": { "interested": "1", "levels": 2, "comments": "asdada" }
  },
  {
    "model": "newdjangoProject.interest",
    "pk": 3,
    "fields": { "interested": "1", "levels": 2, "comments": "asdasdasdasdasd" }
  },
  {
    "model": "newdjangoProject.interest",
    "pk": 4,
    "fields": { "interested": "1", "levels": 2, "comments": "asdasdasdasdasd" }
  },
  {
    "model": "newdjangoProject.interest",
    "pk": 5,
    "fields": { "interested": "0", "levels": 9, "comments": "asdasdasd" }
  },
  {
    "model": "newdjangoProject.interest",
    "pk": 6,
    "fields": { "interested": "1", "levels": 2, "comments": "asdasd" }
  },
  {
    "model": "newdjangoProject.interest",
    "pk": 7,
    "fields": { "interested": "1", "levels": 3, "comments": "sdvbnm" }
  },
  {
    "model": "newdjangoProject.interest",
    "pk": 8,
    "fields": { "interested": "1", "levels": 1, "comments": "asdsadasasd" }
  },
  {
    "model": "newdjangoProject.interest",
    "pk": 9,
    "fields": { "interested": "1", "levels": 2, "comments": "asdasdasd" }
  },
  {
    "model": "newdjangoProject.interest",
    "pk": 10,
    "fields": { "interested": "1", "levels": 3, "comments": "asdasds" }
  },
  {
    "model": "newdjangoProject.interest",
    "pk": 11,
    "fields": { "interested": "1", "levels": 1, "comments": "test cooment" }
  },
  {
    "model": "newdjangoProject.tag",
    "pk": 1,
    "fields": { "name": "Test", "student": 4, "topic": 3, "orders": [1, 2] }
  }
]
